Name,Dimension,C APX,RC APX,Best k,Improvement
fri26,26,1.054429,1.037353,10,0.017076
bays29,29,1.083168,1.048515,11,0.034653
swiss42,42,1.098979,1.069128,16,0.029851
hk48,48,1.139429,1.091179,13,0.048251
brazil58,58,1.082693,1.067533,2,0.01516
st70,70,1.137778,1.106667,9,0.031111
kroB150,150,1.135438,1.130884,6,0.004554
pr152,152,1.076477,1.067941,14,0.008537
rat195,195,1.164012,1.131726,13,0.032286
d657,657,1.12224,1.11717,9,0.00507
